,RMSE,MAE,MAPE (%),R²
Linear Regression,0.06026048087498197,0.034774559442619056,4.714958720236865,0.5270539607102963
Random Forest,0.08176206516543859,0.06639324455952562,9.58208387663451,0.12933695435217907
Gradient Boosting,0.0834013323887419,0.06279105229869995,9.015436699991987,0.09407470840026944
