,RMSE,MAE,MAPE (%),R²
Linear Regression,2709.7013706664225,2038.0231201508964,2.3834302681293935,0.7492444499359705
Random Forest,7268.673734893572,6381.759980015982,7.610373567082532,-0.8043386117649218
Gradient Boosting,7334.963910689427,6375.89036227164,7.609174969721036,-0.8373997583633956
