,RMSE,MAE,MAPE (%),R²
Linear Regression,109.39649793683719,81.16671873612617,4.027009593770917,0.9217033753748929
Random Forest,481.9569718663699,405.42204755730404,22.694005344836448,-0.5196820557792314
Gradient Boosting,469.55394800729715,393.19673834111126,22.017782427400384,-0.442471343800118
